"pitch_mean","pitch_sd","vel_mean","vel_sd","dur_mean","dur_sd","n_notes"
67.7346801346801,10.3216203376596,46.2838383838384,10.9798757132224,188.444444444444,167.385749087005,2970
